kanji_result,kanji1,kanji2,codepoint_ucs_res,radical_type,codepoint_ucs_k1,codepoint_jis208_k1,dic_number_classical_k1,dic_number_nelson_c_k1,codepoint_ucs_k2,codepoint_jis208_k2,dic_number_classical_k2,dic_number_nelson_c_k2
愛,,,611b,,,,,,,,,
悪,心,亜,60aa,tradit,5fc3,1-31-20,61,1645,,,,
圧,土,厂,5727,tradit,571f,1-37-58,32,1050,,,,
安,宀,女,5b89,general,,,,,5973,1-29-87,38,1185
暗,日,音,6697,general,65e5,1-38-92,72,2097,97f3,1-18-27,180,5110
案,木,安,6848,tradit,6728,1-44-58,75,2170,5b89,1-16-34,,1283
以,,,4ee5,,,,,,,,,
位,亻,立,4f4d,general,,,,,7acb,1-46-09,117,3343
囲,囗,井,56f2,general,,,,,4e95,1-16-70,,165
委,女,禾,59d4,tradit,5973,1-29-87,38,1185,,,,
意,心,音,610f,tradit,5fc3,1-31-20,61,1645,97f3,1-18-27,180,5110
易,日,勿,6613,general,65e5,1-38-92,72,2097,,,,
異,田,共,7570,general,7530,1-37-36,102,2994,5171,1-22-06,,581
移,禾,多,79fb,general,,,,,591a,1-34-31,,1169
胃,月,田,80c3,tradit,6708,1-23-78,74,2169,7530,1-37-36,102,2994
衣,,,8863,,,,,,,,,
遺,⻌,貴,907a,general,,,,,8cb4,1-21-14,,4504
医,匸,矢,533b,general,,,,,77e2,1-44-80,111,3168
井,二,廾,4e95,tradit,4e8c,1-38-83,7,273,,,,
域,土,或,57df,general,571f,1-37-58,32,1050,,,,
育,,,80b2,,,,,,,,,
一,,,4e00,,,,,,,,,
茨,艹,次,8328,general,,,,,6b21,1-28-01,,638
印,,,5370,,,,,,,,,
員,口,貝,54e1,general,53e3,1-24-93,30,868,8c9d,1-19-13,154,4486
因,囗,大,56e0,general,,,,,5927,1-34-71,37,1171
引,弓,丨,5f15,general,5f13,1-21-61,57,1560,,,,
飲,飠,欠,98f2,general,,,,,6b20,1-23-71,76,2412
院,⻖,完,9662,general,,,,,5b8c,1-20-16,,1288
右,,,53f3,,,,,,,,,
宇,宀,于,5b87,general,,,,,,,,
羽,,,7fbd,,,,,,,,,
雨,,,96e8,,,,,,,,,
運,⻌,軍,904b,general,,,,,8ecd,1-23-19,,628
雲,雨,云,96f2,general,96e8,1-17-11,173,5042,,,,
営,,,55b6,,,,,,,,,
映,日,央,6620,general,65e5,1-38-92,72,2097,592e,1-17-91,,86
栄,,,6804,,,,,,,,,
永,水,丶,6c38,tradit,6c34,1-31-69,85,2482,,,,
泳,氵,永,6cf3,general,,,,,6c38,1-17-42,,130
英,艹,央,82f1,general,,,,,592e,1-17-91,,86
衛,行,韋,885b,tradit,884c,1-25-52,144,4213,,,,
液,氵,夜,6db2,general,,,,,591c,1-44-75,,298
益,,,76ca,,,,,,,,,
駅,馬,尺,99c5,general,99ac,1-39-47,187,5191,5c3a,1-28-60,,1377
円,,,5186,,,,,,,,,
園,囗,袁,5712,general,,,,,,,,
延,廴,正,5ef6,general,,,,,6b63,1-32-21,,27
沿,氵,㕣,6cbf,general,,,,,,,,
演,氵,寅,6f14,general,,,,,,,,
遠,⻌,袁,9060,general,,,,,,,,
塩,,,5869,,,,,,,,,
央,大,丨,592e,tradit,5927,1-34-71,37,1171,,,,
往,彳,主,5f80,general,,,,,4e3b,1-28-71,,285
応,心,广,5fdc,tradit,5fc3,1-31-20,61,1645,,,,
横,木,黄,6a2a,general,6728,1-44-58,75,2170,9ec4,1-18-11,201',5399
王,,,738b,,,,,,,,,
黄,龷,由,9ec4,group,,,,,7531,1-45-19,,89
岡,山,冂,5ca1,tradit,5c71,1-27-19,46,1407,,,,
沖,氵,中,6c96,general,,,,,4e2d,1-35-70,,81
億,亻,意,5104,general,,,,,610f,1-16-53,,5113
屋,尸,至,5c4b,general,,,,,81f3,1-27-74,133,3845
恩,心,因,6069,general,5fc3,1-31-20,61,1645,56e0,1-16-88,,1026
温,氵,昷,6e29,general,,,,,,,,
音,立,日,97f3,group,7acb,1-46-09,117,3343,65e5,1-38-92,72,2097
下,一,卜,4e0b,general,4e00,1-16-76,1,1,,,,
化,匕,亻,5316,tradit,,,,,,,,
仮,亻,反,4eee,general,,,,,53cd,1-40-31,,817
何,亻,可,4f55,general,,,,,53ef,1-18-36,,24
価,亻,覀,4fa1,general,,,,,,,,
加,力,口,52a0,general,529b,1-46-47,19,715,53e3,1-24-93,30,868
可,口,丁,53ef,tradit,53e3,1-24-93,30,868,4e01,1-35-90,,2
夏,,,590f,,,,,,,,,
家,宀,豕,5bb6,general,,,,,,,,
科,禾,斗,79d1,general,,,,,,,,
果,木,日,679c,tradit,6728,1-44-58,75,2170,65e5,1-38-92,72,2097
歌,,,6b4c,,,,,,,,,
河,氵,可,6cb3,general,,,,,53ef,1-18-36,,24
火,,,706b,,,,,,,,,
花,艹,化,82b1,general,,,,,5316,1-18-29,,350
荷,艹,何,8377,general,,,,,4f55,1-18-31,,409
課,言,果,8ab2,general,8a00,1-24-32,149,4309,679c,1-18-44,,107
貨,貝,化,8ca8,general,8c9d,1-19-13,154,4486,5316,1-18-29,,350
過,⻌,咼,904e,general,,,,,,,,
我,戈,丿,6211,tradit,,,,,,,,
画,一,由,753b,nelson,4e00,1-16-76,1,1,7531,1-45-19,,89
芽,艹,牙,82bd,general,,,,,,,,
賀,貝,加,8cc0,general,8c9d,1-19-13,154,4486,52a0,1-18-35,,716
会,人,云,4f1a,general,4eba,1-31-45,9,339,,,,
解,,,89e3,,,,,,,,,
回,囗,口,56de,general,,,,,53e3,1-24-93,30,868
快,忄,夬,5feb,general,,,,,,,,
改,攵,己,6539,tradit,,,,,5df1,1-24-42,49,1462
械,木,戒,68b0,general,6728,1-44-58,75,2170,,,,
海,氵,毎,6d77,general,,,,,6bce,1-43-72,,2467
灰,火,厂,7070,tradit,706b,1-18-48,86,2743,,,,
界,田,介,754c,general,7530,1-37-36,102,2994,,,,
絵,糸,会,7d75,general,7cf8,1-27-69,120,3492,4f1a,1-18-81,,381
開,門,开,958b,general,9580,1-44-71,169,4940,,,,
階,⻖,皆,968e,general,,,,,,,,
貝,目,八,8c9d,group,76ee,1-44-60,109,3127,516b,1-40-12,12,577
外,夕,卜,5916,general,5915,1-45-28,36,1167,,,,
害,,,5bb3,,,,,,,,,
街,行,圭,8857,tradit,884c,1-25-52,144,4213,,,,
各,口,夂,5404,tradit,53e3,1-24-93,30,868,,,,
拡,扌,広,62e1,general,,,,,5e83,1-25-13,,1499
格,木,各,683c,general,6728,1-44-58,75,2170,5404,1-19-38,,1163
確,石,寉,78ba,general,77f3,1-32-48,112,3176,,,,
覚,,,899a,,,,,,,,,
角,,,89d2,,,,,,,,,
閣,門,各,95a3,general,9580,1-44-71,169,4940,5404,1-19-38,,1163
革,,,9769,,,,,,,,,
学,,,5b66,,,,,,,,,
楽,,,697d,,,,,,,,,
額,頁,客,984d,general,,,,,5ba2,1-21-50,,1302
潟,氵,舄,6f5f,general,,,,,,,,
割,刂,害,5272,general,,,,,5bb3,1-19-18,,1306
活,氵,舌,6d3b,general,,,,,820c,1-32-69,135,3855
株,木,朱,682a,general,6728,1-44-58,75,2170,,,,
寒,,,5bd2,,,,,,,,,
刊,刂,干,520a,tradit,,,,,5e72,1-20-19,51,1492
巻,己,𠔉,5dfb,general,5df1,1-24-42,49,1462,,,,
完,宀,元,5b8c,general,,,,,5143,1-24-21,,275
官,,,5b98,,,,,,,,,
干,,,5e72,,,,,,,,,
幹,,,5e79,,,,,,,,,
感,心,咸,611f,general,5fc3,1-31-20,61,1645,,,,
慣,忄,貫,6163,general,,,,,,,,
漢,,,6f22,,,,,,,,,
看,目,手,770b,tradit,76ee,1-44-60,109,3127,624b,1-28-74,64,1827
管,竹,官,7ba1,general,7af9,1-35-61,118,3366,5b98,1-20-17,,1295
簡,竹,間,7c21,general,7af9,1-35-61,118,3366,9593,1-20-54,,4949
観,,,89b3,,,,,,,,,
間,門,日,9593,general,9580,1-44-71,169,4940,65e5,1-38-92,72,2097
関,門,关,95a2,general,9580,1-44-71,169,4940,,,,
館,飠,官,9928,general,,,,,5b98,1-20-17,,1295
丸,丶,九,4e38,tradit,,,,,4e5d,1-22-69,,146
岸,,,5cb8,,,,,,,,,
眼,目,艮,773c,general,76ee,1-44-60,109,3127,,,,
岩,山,石,5ca9,general,5c71,1-27-19,46,1407,77f3,1-32-48,112,3176
顔,頁,彦,9854,general,,,,,,,,
願,頁,原,9858,tradit,,,,,539f,1-24-22,,825
危,𠂊,厄,5371,group,,,,,,,,
喜,,,559c,,,,,,,,,
器,,,5668,,,,,,,,,
基,土,其,57fa,general,571f,1-37-58,32,1050,,,,
寄,宀,奇,5bc4,general,,,,,,,,
岐,山,支,5c90,general,5c71,1-27-19,46,1407,652f,1-27-57,65,2039
希,乂,布,5e0c,group,,,,,5e03,1-41-59,,1468
揮,扌,軍,63ee,general,,,,,8ecd,1-23-19,,628
机,木,几,673a,general,6728,1-44-58,75,2170,,,,
旗,,,65d7,,,,,,,,,
期,月,其,671f,general,6708,1-23-78,74,2169,,,,
機,木,幾,6a5f,general,6728,1-44-58,75,2170,,,,
帰,刂,帚,5e30,group,,,,,,,,
気,气,乂,6c17,general,,,,,,,,
汽,氵,气,6c7d,general,,,,,,,,
季,子,禾,5b63,tradit,5b50,1-27-50,39,1264,,,,
紀,糸,己,7d00,general,7cf8,1-27-69,120,3492,5df1,1-24-42,49,1462
規,見,夫,898f,general,898b,1-24-11,147,4284,592b,1-41-55,,164
記,言,己,8a18,general,8a00,1-24-32,149,4309,5df1,1-24-42,49,1462
貴,,,8cb4,,,,,,,,,
起,走,己,8d77,general,8d70,1-33-86,156,4539,5df1,1-24-42,49,1462
技,扌,支,6280,general,,,,,652f,1-27-57,65,2039
疑,,,7591,,,,,,,,,
義,羊,我,7fa9,general,7f8a,1-45-51,123,3656,6211,1-18-70,,200
議,言,義,8b70,general,8a00,1-24-32,149,4309,7fa9,1-21-33,,3668
客,宀,各,5ba2,general,,,,,5404,1-19-38,,1163
逆,⻌,屰,9006,general,,,,,,,,
久,,,4e45,,,,,,,,,
休,亻,木,4f11,general,,,,,6728,1-44-58,75,2170
吸,口,及,5438,general,53e3,1-24-93,30,868,,,,
宮,宀,呂,5bae,general,,,,,,,,
弓,,,5f13,,,,,,,,,
急,,,6025,,,,,,,,,
救,攵,求,6551,general,,,,,6c42,1-21-65,,137
求,氺,丶,6c42,tradit,,,,,,,,
泣,氵,立,6ce3,general,,,,,7acb,1-46-09,117,3343
球,王,求,7403,general,738b,1-18-06,,2922,6c42,1-21-65,,137
究,穴,九,7a76,general,7a74,1-23-74,116,3313,4e5d,1-22-69,,146
級,糸,及,7d1a,general,7cf8,1-27-69,120,3492,,,,
給,糸,合,7d66,general,7cf8,1-27-69,120,3492,5408,1-25-71,,383
旧,日,丨,65e7,tradit,65e5,1-38-92,72,2097,,,,
牛,,,725b,,,,,,,,,
去,厶,土,53bb,tradit,,,,,571f,1-37-58,32,1050
居,尸,古,5c45,general,,,,,53e4,1-24-37,,770
挙,,,6319,,,,,,,,,
許,言,午,8a31,general,8a00,1-24-32,149,4309,5348,1-24-65,,162
漁,氵,魚,6f01,general,,,,,9b5a,1-21-91,195,5281
魚,,,9b5a,,,,,,,,,
京,,,4eac,,,,,,,,,
供,亻,共,4f9b,general,,,,,5171,1-22-06,,581
競,,,7af6,,,,,,,,,
共,,,5171,,,,,,,,,
協,十,劦,5354,general,5341,1-29-29,24,768,,,,
境,土,竟,5883,general,571f,1-37-58,32,1050,,,,
強,,,5f37,,,,,,,,,
教,攵,孝,6559,general,,,,,5b5d,1-25-07,,773
橋,木,喬,6a4b,general,6728,1-44-58,75,2170,,,,
胸,月,匈,80f8,general,6708,1-23-78,74,2169,,,,
興,,,8208,,,,,,,,,
郷,,,90f7,,,,,,,,,
鏡,金,竟,93e1,general,91d1,1-22-66,167,4815,,,,
業,,,696d,,,,,,,,,
局,尸,句,5c40,general,,,,,53e5,1-22-71,,745
曲,日,廾,66f2,tradit,65e5,1-38-92,72,2097,,,,
極,木,亟,6975,general,6728,1-44-58,75,2170,,,,
玉,王,丶,7389,group,738b,1-18-06,,2922,,,,
勤,力,菫,52e4,general,529b,1-46-47,19,715,,,,
均,土,匀,5747,general,571f,1-37-58,32,1050,,,,
禁,示,林,7981,general,793a,1-28-08,113,3228,6797,1-46-51,,2210
筋,竹,肋,7b4b,general,7af9,1-35-61,118,3366,,,,
近,⻌,斤,8fd1,general,,,,,,,,
金,,,91d1,,,,,,,,,
銀,金,艮,9280,general,91d1,1-22-66,167,4815,,,,
九,乙,丿,4e5d,tradit,,,,,,,,
句,口,勹,53e5,tradit,53e3,1-24-93,30,868,,,,
区,匸,乂,533a,general,,,,,,,,
苦,艹,古,82e6,general,,,,,53e4,1-24-37,,770
具,,,5177,,,,,,,,,
空,穴,工,7a7a,general,7a74,1-23-74,116,3313,5de5,1-25-09,48,1451
熊,灬,能,718a,general,,,,,80fd,1-39-29,,853
君,口,尹,541b,general,53e3,1-24-93,30,868,,,,
訓,言,川,8a13,general,8a00,1-24-32,149,4309,5ddd,1-32-78,,1447
群,羊,君,7fa4,general,7f8a,1-45-51,123,3656,541b,1-23-15,,899
軍,車,冖,8ecd,tradit,8eca,1-28-54,159,4608,,,,
郡,⻏,君,90e1,general,,,,,541b,1-23-15,,899
係,亻,系,4fc2,general,,,,,7cfb,1-23-47,,195
兄,儿,口,5144,tradit,,,,,53e3,1-24-93,30,868
型,土,刑,578b,general,571f,1-37-58,32,1050,,,,
形,彡,开,5f62,general,,,,,,,,
径,彳,圣,5f84,general,,,,,,,,
敬,攵,苟,656c,general,,,,,,,,
景,日,京,666f,general,65e5,1-38-92,72,2097,4eac,1-21-94,,295
系,糸,丿,7cfb,tradit,7cf8,1-27-69,120,3492,,,,
経,糸,圣,7d4c,general,7cf8,1-27-69,120,3492,,,,
計,言,十,8a08,general,8a00,1-24-32,149,4309,5341,1-29-29,24,768
警,言,敬,8b66,general,8a00,1-24-32,149,4309,656c,1-23-41,,2055
軽,車,圣,8efd,general,8eca,1-28-54,159,4608,,,,
芸,艹,云,82b8,general,,,,,,,,
劇,刂,豦,5287,tradit,,,,,,,,
激,氵,敫,6fc0,general,,,,,,,,
欠,,,6b20,,,,,,,,,
決,氵,夬,6c7a,general,,,,,,,,
潔,氵,絜,6f54,general,,,,,,,,
穴,宀,八,7a74,group,,,,,516b,1-40-12,12,577
結,糸,吉,7d50,general,7cf8,1-27-69,120,3492,,,,
血,,,8840,,,,,,,,,
月,,,6708,,,,,,,,,
件,亻,牛,4ef6,general,,,,,725b,1-21-77,93,2852
健,亻,建,5065,general,,,,,5efa,1-23-90,,1549
券,刀,𠔉,5238,general,5200,1-37-65,18,665,,,,
建,廴,聿,5efa,general,,,,,,,,
憲,,,61b2,,,,,,,,,
検,木,㑒,691c,general,6728,1-44-58,75,2170,,,,
権,,,6a29,,,,,,,,,
犬,大,丶,72ac,group,5927,1-34-71,37,1171,,,,
研,石,开,7814,general,77f3,1-32-48,112,3176,,,,
絹,糸,肙,7d79,general,7cf8,1-27-69,120,3492,,,,
県,,,770c,,,,,,,,,
見,目,儿,898b,group,76ee,1-44-60,109,3127,,,,
険,⻖,㑒,967a,general,,,,,,,,
験,馬,㑒,9a13,general,99ac,1-39-47,187,5191,,,,
元,儿,二,5143,tradit,,,,,4e8c,1-38-83,7,273
原,厂,CDP-8BC4,539f,general,,,,,,,,
厳,,,53b3,,,,,,,,,
減,氵,咸,6e1b,general,,,,,,,,
源,氵,原,6e90,general,,,,,539f,1-24-22,,825
現,王,見,73fe,general,738b,1-18-06,,2922,898b,1-24-11,147,4284
言,,,8a00,,,,,,,,,
限,⻖,艮,9650,general,,,,,,,,
個,亻,固,500b,general,,,,,56fa,1-24-39,,1036
古,口,十,53e4,tradit,53e3,1-24-93,30,868,5341,1-29-29,24,768
呼,口,乎,547c,general,53e3,1-24-93,30,868,,,,
固,囗,古,56fa,general,,,,,53e4,1-24-37,,770
己,,,5df1,,,,,,,,,
庫,广,車,5eab,general,,,,,8eca,1-28-54,159,4608
戸,,,6238,,,,,,,,,
故,攵,古,6545,general,,,,,53e4,1-24-37,,770
湖,氵,胡,6e56,general,,,,,,,,
五,二,二,4e94,tradit,4e8c,1-38-83,7,273,4e8c,1-38-83,7,273
午,,,5348,,,,,,,,,
後,,,5f8c,,,,,,,,,
語,言,吾,8a9e,general,8a00,1-24-32,149,4309,,,,
誤,言,呉,8aa4,general,8a00,1-24-32,149,4309,,,,
護,言,蒦,8b77,general,8a00,1-24-32,149,4309,,,,
交,亠,父,4ea4,general,,,,,7236,1-41-67,88,2832
候,,,5019,,,,,,,,,
光,⺌,兀,5149,nelson,,,,,,,,
公,八,厶,516c,general,516b,1-40-12,12,577,,,,
功,力,工,529f,tradit,529b,1-46-47,19,715,5de5,1-25-09,48,1451
効,力,交,52b9,general,529b,1-46-47,19,715,4ea4,1-24-82,,290
厚,,,539a,,,,,,,,,
口,,,53e3,,,,,,,,,
向,,,5411,,,,,,,,,
后,,,540e,,,,,,,,,
好,女,子,597d,general,5973,1-29-87,38,1185,5b50,1-27-50,39,1264
孝,子,耂,5b5d,tradit,5b50,1-27-50,39,1264,,,,
工,,,5de5,,,,,,,,,
幸,土,𢆉,5e78,nelson,571f,1-37-58,32,1050,,,,
広,广,厶,5e83,general,,,,,,,,
康,广,隶,5eb7,general,,,,,,,,
校,木,交,6821,general,6728,1-44-58,75,2170,4ea4,1-24-82,,290
構,木,冓,69cb,general,6728,1-44-58,75,2170,,,,
港,氵,巷,6e2f,general,,,,,,,,
皇,白,王,7687,general,767d,1-39-82,106,3095,738b,1-18-06,,2922
紅,糸,工,7d05,general,7cf8,1-27-69,120,3492,5de5,1-25-09,48,1451
耕,耒,井,8015,general,,,,,4e95,1-16-70,,165
考,耂,丂,8003,general,,,,,,,,
航,舟,亢,822a,general,,,,,,,,
行,,,884c,,,,,,,,,
講,言,冓,8b1b,general,8a00,1-24-32,149,4309,,,,
鉱,金,広,9271,general,91d1,1-22-66,167,4815,5e83,1-25-13,,1499
鋼,金,岡,92fc,general,91d1,1-22-66,167,4815,5ca1,1-18-12,,621
降,⻖,夅,964d,general,,,,,,,,
香,禾,日,9999,group,,,,,65e5,1-38-92,72,2097
高,,,9ad8,,,,,,,,,
号,,,53f7,,,,,,,,,
合,,,5408,,,,,,,,,
刻,刂,亥,523b,general,,,,,,,,
告,口,牛,544a,general,53e3,1-24-93,30,868,725b,1-21-77,93,2852
国,囗,玉,56fd,general,,,,,7389,1-22-44,96,2923
穀,,,7a40,,,,,,,,,
黒,里,灬,9ed2,group,91cc,1-46-04,166,4813,,,,
骨,,,9aa8,,,,,,,,,
今,,,4eca,,,,,,,,,
困,囗,木,56f0,general,,,,,6728,1-44-58,75,2170
根,木,艮,6839,general,6728,1-44-58,75,2170,,,,
混,氵,昆,6df7,general,,,,,,,,
佐,亻,左,4f50,general,,,,,5de6,1-26-24,,1455
左,,,5de6,,,,,,,,,
差,,,5dee,,,,,,,,,
査,木,且,67fb,general,6728,1-44-58,75,2170,,,,
砂,石,少,7802,general,77f3,1-32-48,112,3176,5c11,1-30-15,,166
座,广,坐,5ea7,general,,,,,,,,
再,一,冉,518d,nelson,4e00,1-16-76,1,1,,,,
最,日,取,6700,general,65e5,1-38-92,72,2097,53d6,1-28-72,,3699
妻,,,59bb,,,,,,,,,
才,,,624d,,,,,,,,,
採,扌,采,63a1,general,,,,,,,,
済,氵,斉,6e08,general,,,,,,,,
災,火,巛,707d,tradit,706b,1-18-48,86,2743,,,,
祭,,,796d,,,,,,,,,
細,糸,田,7d30,general,7cf8,1-27-69,120,3492,7530,1-37-36,102,2994
菜,艹,采,83dc,general,,,,,,,,
裁,衣,𢦏,88c1,tradit,8863,1-16-65,145,4214,,,,
際,⻖,祭,969b,general,,,,,796d,1-26-55,,3247
在,,,5728,,,,,,,,,
材,木,才,6750,general,6728,1-44-58,75,2170,624d,1-26-45,,270
罪,罒,非,7f6a,general,,,,,975e,1-40-83,175,5080
財,貝,才,8ca1,general,8c9d,1-19-13,154,4486,624d,1-26-45,,270
坂,土,反,5742,general,571f,1-37-58,32,1050,53cd,1-40-31,,817
阪,⻖,反,962a,general,,,,,53cd,1-40-31,,817
崎,山,奇,5d0e,general,5c71,1-27-19,46,1407,,,,
埼,土,奇,57fc,general,571f,1-37-58,32,1050,,,,
作,亻,乍,4f5c,general,,,,,,,,
昨,日,乍,6628,general,65e5,1-38-92,72,2097,,,,
策,竹,朿,7b56,general,7af9,1-35-61,118,3366,,,,
桜,,,685c,,,,,,,,,
冊,冂,廾,518a,tradit,,,,,,,,
刷,,,5237,,,,,,,,,
察,宀,祭,5bdf,general,,,,,796d,1-26-55,,3247
札,木,乙,672d,general,6728,1-44-58,75,2170,,,,
殺,,,6bba,,,,,,,,,
雑,,,96d1,,,,,,,,,
皿,,,76bf,,,,,,,,,
三,,,4e09,,,,,,,,,
参,,,53c2,,,,,,,,,
山,,,5c71,,,,,,,,,
散,,,6563,,,,,,,,,
産,,,7523,,,,,,,,,
算,,,7b97,,,,,,,,,
蚕,虫,天,8695,tradit,866b,1-35-78,142,4115,5929,1-37-23,,16
賛,,,8cdb,,,,,,,,,
酸,酉,夋,9178,general,,,,,,,,
残,歹,戋,6b8b,general,,,,,,,,
仕,亻,士,4ed5,general,,,,,58eb,1-27-46,33,1160
使,亻,吏,4f7f,general,,,,,,,,
司,口,一,53f8,general,53e3,1-24-93,30,868,4e00,1-16-76,1,1
史,口,乂,53f2,tradit,53e3,1-24-93,30,868,,,,
四,囗,儿,56db,general,,,,,,,,
士,,,58eb,,,,,,,,,
始,女,台,59cb,general,5973,1-29-87,38,1185,53f0,1-34-70,,848
姉,女,市,59c9,general,5973,1-29-87,38,1185,5e02,1-27-52,,284
姿,女,次,59ff,general,5973,1-29-87,38,1185,6b21,1-28-01,,638
子,,,5b50,,,,,,,,,
市,巾,亠,5e02,tradit,,,,,,,,
師,,,5e2b,,,,,,,,,
志,心,士,5fd7,tradit,5fc3,1-31-20,61,1645,58eb,1-27-46,33,1160
思,心,田,601d,tradit,5fc3,1-31-20,61,1645,7530,1-37-36,102,2994
指,扌,旨,6307,general,,,,,,,,
支,十,又,652f,group,5341,1-29-29,24,768,,,,
枝,木,支,679d,general,6728,1-44-58,75,2170,652f,1-27-57,65,2039
止,,,6b62,,,,,,,,,
死,歹,匕,6b7b,general,,,,,,,,
氏,,,6c0f,,,,,,,,,
私,禾,厶,79c1,general,,,,,,,,
糸,,,7cf8,,,,,,,,,
紙,糸,氏,7d19,general,7cf8,1-27-69,120,3492,6c0f,1-27-65,83,2478
至,厶,土,81f3,group,,,,,571f,1-37-58,32,1050
視,見,礻,8996,tradit,898b,1-24-11,147,4284,,,,
詞,言,司,8a5e,general,8a00,1-24-32,149,4309,53f8,1-27-42,,877
詩,言,寺,8a69,general,8a00,1-24-32,149,4309,5bfa,1-27-91,,1054
試,言,式,8a66,general,8a00,1-24-32,149,4309,5f0f,1-28-16,,1556
誌,言,志,8a8c,general,8a00,1-24-32,149,4309,5fd7,1-27-54,,1064
資,貝,次,8cc7,general,8c9d,1-19-13,154,4486,6b21,1-28-01,,638
飼,飠,司,98fc,general,,,,,53f8,1-27-42,,877
歯,,,6b6f,,,,,,,,,
事,口,⺕,4e8b,group,53e3,1-24-93,30,868,,,,
似,亻,以,4f3c,general,,,,,4ee5,1-16-42,,348
児,儿,旧,5150,general,,,,,65e7,1-21-76,,94
字,子,宀,5b57,tradit,5b50,1-27-50,39,1264,,,,
寺,寸,土,5bfa,tradit,5bf8,1-32-03,41,1348,571f,1-37-58,32,1050
持,扌,寺,6301,general,,,,,5bfa,1-27-91,,1054
時,日,寺,6642,general,65e5,1-38-92,72,2097,5bfa,1-27-91,,1054
次,欠,冫,6b21,tradit,6b20,1-23-71,76,2412,,,,
滋,氵,兹,6ecb,general,,,,,,,,
治,氵,台,6cbb,general,,,,,53f0,1-34-70,,848
磁,石,兹,78c1,general,77f3,1-32-48,112,3176,,,,
示,,,793a,,,,,,,,,
耳,,,8033,,,,,,,,,
自,,,81ea,,,,,,,,,
辞,辛,舌,8f9e,tradit,,,,,820c,1-32-69,135,3855
鹿,,,9e7f,,,,,,,,,
式,弋,工,5f0f,general,,,,,5de5,1-25-09,48,1451
識,言,戠,8b58,general,8a00,1-24-32,149,4309,,,,
七,一,乙,4e03,tradit,4e00,1-16-76,1,1,,,,
失,丿,夫,5931,nelson,,,,,592b,1-41-55,,164
室,宀,至,5ba4,general,,,,,81f3,1-27-74,133,3845
質,,,8cea,,,,,,,,,
実,宀,𡗗,5b9f,general,,,,,,,,
舎,人,吉,820e,general,4eba,1-31-45,9,339,,,,
写,冖,与,5199,general,,,,,,,,
射,寸,身,5c04,tradit,5bf8,1-32-03,41,1348,8eab,1-31-40,158,4601
捨,扌,舎,6368,general,,,,,820e,1-28-43,,423
社,礻,土,793e,general,,,,,571f,1-37-58,32,1050
者,耂,日,8005,general,,,,,65e5,1-38-92,72,2097
謝,言,射,8b1d,general,8a00,1-24-32,149,4309,5c04,1-28-45,,4603
車,,,8eca,,,,,,,,,
借,亻,昔,501f,general,,,,,6614,1-32-46,,2108
尺,尸,八,5c3a,general,,,,,516b,1-40-12,12,577
若,艹,右,82e5,general,,,,,53f3,1-17-06,,878
弱,,,5f31,,,,,,,,,
主,亠,王,4e3b,nelson,,,,,738b,1-18-06,,2922
取,又,耳,53d6,tradit,,,,,8033,1-28-10,128,3697
守,宀,寸,5b88,general,,,,,5bf8,1-32-03,41,1348
手,,,624b,,,,,,,,,
種,禾,重,7a2e,general,,,,,91cd,1-29-37,,224
酒,酉,氵,9152,tradit,,,,,,,,
首,,,9996,,,,,,,,,
受,,,53d7,,,,,,,,,
授,扌,受,6388,general,,,,,53d7,1-28-85,,2826
樹,,,6a39,,,,,,,,,
収,,,53ce,,,,,,,,,
周,冂,吉,5468,nelson,,,,,,,,
宗,宀,示,5b97,general,,,,,793a,1-28-08,113,3228
就,京,尤,5c31,group,4eac,1-21-94,,295,,,,
州,川,丶,5dde,tradit,5ddd,1-32-78,,1447,,,,
修,,,4fee,,,,,,,,,
拾,扌,合,62fe,general,,,,,5408,1-25-71,,383
秋,禾,火,79cb,general,,,,,706b,1-18-48,86,2743
終,糸,冬,7d42,general,7cf8,1-27-69,120,3492,51ac,1-37-63,,1161
習,羽,白,7fd2,general,7fbd,1-17-09,124,3673,767d,1-39-82,106,3095
衆,,,8846,,,,,,,,,
週,⻌,周,9031,general,,,,,5468,1-28-94,,622
集,隹,木,96c6,general,,,,,6728,1-44-58,75,2170
住,亻,主,4f4f,general,,,,,4e3b,1-28-71,,285
十,,,5341,,,,,,,,,
従,,,5f93,,,,,,,,,
縦,糸,従,7e26,general,7cf8,1-27-69,120,3492,5f93,1-29-30,,1613
重,里,千,91cd,tradit,91cc,1-46-04,166,4813,5343,1-32-73,,156
宿,宀,佰,5bbf,general,,,,,,,,
祝,礻,兄,795d,general,,,,,5144,1-23-27,,875
縮,糸,宿,7e2e,general,7cf8,1-27-69,120,3492,5bbf,1-29-41,,1317
熟,灬,孰,719f,general,,,,,,,,
出,凵,山,51fa,tradit,,,,,5c71,1-27-19,46,1407
術,行,朮,8853,tradit,884c,1-25-52,144,4213,,,,
述,⻌,朮,8ff0,general,,,,,,,,
春,日,𡗗,6625,general,65e5,1-38-92,72,2097,,,,
準,,,6e96,,,,,,,,,
純,糸,屯,7d14,general,7cf8,1-27-69,120,3492,,,,
順,頁,川,9806,tradit,,,,,5ddd,1-32-78,,1447
処,几,夂,51e6,tradit,,,,,,,,
初,刀,衤,521d,tradit,5200,1-37-65,18,665,,,,
所,戸,斤,6240,general,6238,1-24-45,,1817,,,,
暑,日,者,6691,general,65e5,1-38-92,72,2097,8005,1-28-52,,3685
署,罒,者,7f72,general,,,,,8005,1-28-52,,3685
書,日,聿,66f8,tradit,65e5,1-38-92,72,2097,,,,
諸,言,者,8af8,general,8a00,1-24-32,149,4309,8005,1-28-52,,3685
助,力,且,52a9,general,529b,1-46-47,19,715,,,,
女,,,5973,,,,,,,,,
序,广,予,5e8f,general,,,,,4e88,1-45-29,,271
除,⻖,余,9664,general,,,,,4f59,1-45-30,,408
傷,亻,𬀷,50b7,general,,,,,,,,
勝,月,劵,52dd,nelson,6708,1-23-78,74,2169,,,,
商,立,冏,5546,group,7acb,1-46-09,117,3343,,,,
唱,口,昌,5531,general,53e3,1-24-93,30,868,,,,
将,,,5c06,,,,,,,,,
小,,,5c0f,,,,,,,,,
少,小,丿,5c11,tradit,5c0f,1-30-14,42,1355,,,,
承,了,三,627f,group,,,,,4e09,1-27-16,,8
招,扌,召,62db,general,,,,,,,,
昭,日,召,662d,general,65e5,1-38-92,72,2097,,,,
松,木,公,677e,general,6728,1-44-58,75,2170,516c,1-24-88,,579
消,氵,肖,6d88,general,,,,,,,,
焼,火,尭,713c,general,706b,1-18-48,86,2743,,,,
照,灬,昭,7167,general,,,,,662d,1-30-28,,2114
省,目,少,7701,tradit,76ee,1-44-60,109,3127,5c11,1-30-15,,166
章,音,早,7ae0,nelson,97f3,1-18-27,180,5110,65e9,1-33-65,,2100
笑,竹,夭,7b11,general,7af9,1-35-61,118,3366,,,,
証,言,正,8a3c,general,8a00,1-24-32,149,4309,6b63,1-32-21,,27
象,,,8c61,,,,,,,,,
賞,貝,尚,8cde,tradit,8c9d,1-19-13,154,4486,,,,
障,⻖,章,969c,general,,,,,7ae0,1-30-47,,5112
上,一,卜,4e0a,tradit,4e00,1-16-76,1,1,,,,
乗,千,木,4e57,group,5343,1-32-73,,156,6728,1-44-58,75,2170
城,土,成,57ce,general,571f,1-37-58,32,1050,6210,1-32-14,,1799
場,土,昜,5834,general,571f,1-37-58,32,1050,,,,
常,尚,吊,5e38,group,,,,,,,,
情,忄,青,60c5,general,,,,,9752,1-32-36,,5076
条,木,夂,6761,tradit,6728,1-44-58,75,2170,,,,
状,犬,⺦,72b6,tradit,72ac,1-24-04,94,2868,,,,
蒸,艹,烝,84b8,general,,,,,,,,
植,木,直,690d,general,6728,1-44-58,75,2170,76f4,1-36-30,,775
織,糸,戠,7e54,general,7cf8,1-27-69,120,3492,,,,
職,耳,戠,8077,general,8033,1-28-10,128,3697,,,,
色,𠂊,巴,8272,group,,,,,,,,
食,,,98df,,,,,,,,,
信,亻,言,4fe1,general,,,,,8a00,1-24-32,149,4309
心,,,5fc3,,,,,,,,,
新,,,65b0,,,,,,,,,
森,木,林,68ee,general,6728,1-44-58,75,2170,6797,1-46-51,,2210
深,,,6df1,,,,,,,,,
申,日,丨,7533,tradit,65e5,1-38-92,72,2097,,,,
真,十,具,771f,nelson,5341,1-29-29,24,768,5177,1-22-81,,3128
神,礻,申,795e,general,,,,,7533,1-31-29,,93
臣,,,81e3,,,,,,,,,
親,,,89aa,,,,,,,,,
身,,,8eab,,,,,,,,,
進,⻌,隹,9032,general,,,,,,,,
針,金,十,91dd,general,91d1,1-22-66,167,4815,5341,1-29-29,24,768
人,,,4eba,,,,,,,,,
仁,亻,二,4ec1,general,,,,,4e8c,1-38-83,7,273
図,囗,⺍,56f3,general,,,,,,,,
垂,土,千,5782,tradit,571f,1-37-58,32,1050,5343,1-32-73,,156
推,扌,隹,63a8,general,,,,,,,,
水,,,6c34,,,,,,,,,
数,攵,娄,6570,general,,,,,,,,
寸,,,5bf8,,,,,,,,,
世,,,4e16,,,,,,,,,
制,,,5236,,,,,,,,,
勢,力,埶,52e2,general,529b,1-46-47,19,715,,,,
性,忄,生,6027,general,,,,,751f,1-32-24,100,2991
成,戈,𠂊,6210,general,,,,,,,,
政,攵,正,653f,general,,,,,6b63,1-32-21,,27
整,敕,正,6574,group,,,,,6b63,1-32-21,,27
星,日,生,661f,general,65e5,1-38-92,72,2097,751f,1-32-24,100,2991
晴,日,青,6674,general,65e5,1-38-92,72,2097,9752,1-32-36,,5076
正,止,一,6b63,tradit,6b62,1-27-63,77,2429,4e00,1-16-76,1,1
清,氵,青,6e05,general,,,,,9752,1-32-36,,5076
生,,,751f,,,,,,,,,
盛,皿,成,76db,general,76bf,1-27-14,108,3113,6210,1-32-14,,1799
精,米,青,7cbe,general,7c73,1-42-38,119,3461,9752,1-32-36,,5076
聖,,,8056,,,,,,,,,
声,,,58f0,,,,,,,,,
製,衣,制,88fd,general,8863,1-16-65,145,4214,5236,1-32-09,,683
西,,,897f,,,,,,,,,
誠,言,成,8aa0,general,8a00,1-24-32,149,4309,6210,1-32-14,,1799
青,龶,月,9752,group,,,,,6708,1-23-78,74,2169
静,青,争,9759,general,9752,1-32-36,,5076,4e89,1-33-72,,186
税,禾,兌,7a0e,general,,,,,,,,
席,,,5e2d,,,,,,,,,
昔,,,6614,,,,,,,,,
石,,,77f3,,,,,,,,,
積,禾,責,7a4d,general,,,,,8cac,1-32-53,,4492
績,糸,責,7e3e,general,7cf8,1-27-69,120,3492,8cac,1-32-53,,4492
責,貝,龶,8cac,general,8c9d,1-19-13,154,4486,,,,
赤,,,8d64,,,,,,,,,
切,刀,七,5207,general,5200,1-37-65,18,665,4e03,1-28-23,,261
接,扌,妾,63a5,general,,,,,,,,
折,扌,斤,6298,general,,,,,,,,
設,言,殳,8a2d,general,8a00,1-24-32,149,4309,,,,
節,竹,即,7bc0,general,7af9,1-35-61,118,3366,,,,
説,言,兌,8aac,general,8a00,1-24-32,149,4309,,,,
雪,雨,⺕,96ea,general,96e8,1-17-11,173,5042,,,,
絶,糸,色,7d76,general,7cf8,1-27-69,120,3492,8272,1-31-07,139,3889
舌,千,口,820c,group,5343,1-32-73,,156,53e3,1-24-93,30,868
先,,,5148,,,,,,,,,
千,十,丿,5343,tradit,5341,1-29-29,24,768,,,,
宣,宀,亘,5ba3,general,,,,,,,,
専,,,5c02,,,,,,,,,
川,,,5ddd,,,,,,,,,
戦,戈,単,6226,general,,,,,5358,1-35-17,,139
泉,,,6cc9,,,,,,,,,
浅,氵,戋,6d45,general,,,,,,,,
洗,氵,先,6d17,general,,,,,5148,1-32-72,,571
染,,,67d3,,,,,,,,,
線,糸,泉,7dda,general,7cf8,1-27-69,120,3492,6cc9,1-32-84,,3099
船,舟,㕣,8239,general,,,,,,,,
選,⻌,巽,9078,general,,,,,,,,
銭,金,戋,92ad,general,91d1,1-22-66,167,4815,,,,
前,,,524d,,,,,,,,,
善,,,5584,,,,,,,,,
然,,,7136,,,,,,,,,
全,人,王,5168,general,4eba,1-31-45,9,339,738b,1-18-06,,2922
祖,礻,且,7956,general,,,,,,,,
素,糸,龶,7d20,general,7cf8,1-27-69,120,3492,,,,
組,糸,且,7d44,general,7cf8,1-27-69,120,3492,,,,
創,刂,倉,5275,general,,,,,5009,1-33-50,,486
倉,,,5009,,,,,,,,,
奏,𡗗,天,594f,group,,,,,5929,1-37-23,,16
層,尸,曽,5c64,general,,,,,,,,
想,心,相,60f3,general,5fc3,1-31-20,61,1645,76f8,1-33-74,,2241
操,扌,喿,64cd,general,,,,,,,,
早,日,十,65e9,general,65e5,1-38-92,72,2097,5341,1-29-29,24,768
巣,⺍,果,5de3,tradit,,,,,679c,1-18-44,,107
争,,,4e89,,,,,,,,,
相,目,木,76f8,tradit,76ee,1-44-60,109,3127,6728,1-44-58,75,2170
窓,,,7a93,,,,,,,,,
総,糸,忩,7dcf,general,7cf8,1-27-69,120,3492,,,,
草,艹,早,8349,general,,,,,65e9,1-33-65,,2100
装,衣,壮,88c5,general,8863,1-16-65,145,4214,,,,
走,土,龰,8d70,group,571f,1-37-58,32,1050,,,,
送,⻌,关,9001,general,,,,,,,,
像,亻,象,50cf,general,,,,,8c61,1-30-61,,4472
増,土,曽,5897,general,571f,1-37-58,32,1050,,,,
臓,月,蔵,81d3,general,6708,1-23-78,74,2169,8535,1-34-02,,4042
蔵,,,8535,,,,,,,,,
造,⻌,告,9020,general,,,,,544a,1-25-80,,900
側,亻,則,5074,general,,,,,5247,1-34-07,,4487
則,刂,貝,5247,tradit,,,,,8c9d,1-19-13,154,4486
息,心,自,606f,tradit,5fc3,1-31-20,61,1645,81ea,1-28-11,132,3841
束,木,口,675f,tradit,6728,1-44-58,75,2170,53e3,1-24-93,30,868
測,氵,則,6e2c,general,,,,,5247,1-34-07,,4487
足,口,龰,8db3,group,53e3,1-24-93,30,868,,,,
速,⻌,束,901f,general,,,,,675f,1-34-11,,196
属,尸,禹,5c5e,general,,,,,,,,
族,,,65cf,,,,,,,,,
続,糸,売,7d9a,general,7cf8,1-27-69,120,3492,58f2,1-39-68,,1067
卒,,,5352,,,,,,,,,
存,,,5b58,,,,,,,,,
孫,子,系,5b6b,general,5b50,1-27-50,39,1264,7cfb,1-23-47,,195
尊,寸,酋,5c0a,tradit,5bf8,1-32-03,41,1348,,,,
損,扌,員,640d,general,,,,,54e1,1-16-87,,928
村,木,寸,6751,general,6728,1-44-58,75,2170,5bf8,1-32-03,41,1348
他,亻,也,4ed6,general,,,,,,,,
多,夕,夕,591a,general,5915,1-45-28,36,1167,5915,1-45-28,36,1167
太,大,丶,592a,general,5927,1-34-71,37,1171,,,,
打,扌,丁,6253,general,,,,,4e01,1-35-90,,2
体,亻,本,4f53,general,,,,,672c,1-43-60,,96
対,寸,文,5bfe,tradit,5bf8,1-32-03,41,1348,6587,1-42-24,67,2064
帯,,,5e2f,,,,,,,,,
待,彳,寺,5f85,general,,,,,5bfa,1-27-91,,1054
態,心,能,614b,general,5fc3,1-31-20,61,1645,80fd,1-39-29,,853
貸,貝,代,8cb8,general,8c9d,1-19-13,154,4486,4ee3,1-34-69,,364
退,⻌,艮,9000,general,,,,,,,,
隊,,,968a,,,,,,,,,
代,亻,弋,4ee3,general,,,,,,,,
台,口,厶,53f0,tradit,53e3,1-24-93,30,868,,,,
大,,,5927,,,,,,,,,
第,,,7b2c,,,,,,,,,
題,頁,是,984c,tradit,,,,,,,,
宅,宀,乇,5b85,general,,,,,,,,
達,,,9054,,,,,,,,,
谷,,,8c37,,,,,,,,,
単,⺍,甲,5358,group,,,,,,,,
担,扌,旦,62c5,general,,,,,,,,
探,,,63a2,,,,,,,,,
炭,山,灰,70ad,nelson,5c71,1-27-19,46,1407,7070,1-19-05,,820
短,矢,豆,77ed,general,77e2,1-44-80,111,3168,8c46,1-38-06,151,4465
誕,言,延,8a95,general,8a00,1-24-32,149,4309,5ef6,1-17-68,,1547
団,囗,寸,56e3,general,,,,,5bf8,1-32-03,41,1348
断,,,65ad,,,,,,,,,
暖,日,爰,6696,general,65e5,1-38-92,72,2097,,,,
段,,,6bb5,,,,,,,,,
男,田,力,7537,general,7530,1-37-36,102,2994,529b,1-46-47,19,715
談,言,炎,8ac7,general,8a00,1-24-32,149,4309,,,,
値,亻,直,5024,general,,,,,76f4,1-36-30,,775
知,矢,口,77e5,general,77e2,1-44-80,111,3168,53e3,1-24-93,30,868
地,土,也,5730,general,571f,1-37-58,32,1050,,,,
池,氵,也,6c60,general,,,,,,,,
置,罒,直,7f6e,general,,,,,76f4,1-36-30,,775
築,筑,木,7bc9,group,,,,,6728,1-44-58,75,2170
竹,,,7af9,,,,,,,,,
茶,,,8336,,,,,,,,,
着,,,7740,,,,,,,,,
中,丨,口,4e2d,general,,,,,53e3,1-24-93,30,868
仲,亻,中,4ef2,general,,,,,4e2d,1-35-70,,81
宙,宀,由,5b99,general,,,,,7531,1-45-19,,89
忠,心,中,5fe0,general,5fc3,1-31-20,61,1645,4e2d,1-35-70,,81
昼,尺,旦,663c,group,5c3a,1-28-60,,1377,,,,
柱,木,主,67f1,general,6728,1-44-58,75,2170,4e3b,1-28-71,,285
注,氵,主,6ce8,general,,,,,4e3b,1-28-71,,285
虫,,,866b,,,,,,,,,
著,艹,者,8457,general,,,,,8005,1-28-52,,3685
貯,貝,宁,8caf,general,8c9d,1-19-13,154,4486,,,,
丁,一,亅,4e01,general,4e00,1-16-76,1,1,,,,
兆,儿,冫,5146,tradit,,,,,,,,
帳,巾,長,5e33,general,,,,,9577,1-36-25,168,4938
庁,广,丁,5e81,general,,,,,4e01,1-35-90,,2
張,弓,長,5f35,general,5f13,1-21-61,57,1560,9577,1-36-25,168,4938
朝,月,𠦝,671d,general,6708,1-23-78,74,2169,,,,
潮,氵,朝,6f6e,general,,,,,671d,1-36-11,,3788
町,田,丁,753a,general,7530,1-37-36,102,2994,4e01,1-35-90,,2
腸,月,昜,8178,general,6708,1-23-78,74,2169,,,,
調,言,周,8abf,general,8a00,1-24-32,149,4309,5468,1-28-94,,622
長,,,9577,,,,,,,,,
頂,頁,丁,9802,general,,,,,4e01,1-35-90,,2
鳥,,,9ce5,,,,,,,,,
直,目,十,76f4,tradit,76ee,1-44-60,109,3127,5341,1-29-29,24,768
賃,貝,任,8cc3,general,8c9d,1-19-13,154,4486,4efb,1-39-04,,374
追,⻌,𠂤,8ffd,general,,,,,,,,
痛,疒,甬,75db,general,,,,,,,,
通,⻌,甬,901a,general,,,,,,,,
低,,,4f4e,,,,,,,,,
停,亻,亭,505c,general,,,,,,,,
定,宀,疋,5b9a,general,,,,,,,,
底,广,氐,5e95,general,,,,,,,,
庭,广,廷,5ead,general,,,,,,,,
弟,,,5f1f,,,,,,,,,
提,扌,是,63d0,general,,,,,,,,
程,禾,呈,7a0b,general,,,,,,,,
敵,攵,啇,6575,general,,,,,,,,
的,白,勺,7684,general,767d,1-39-82,106,3095,,,,
笛,竹,由,7b1b,general,7af9,1-35-61,118,3366,7531,1-45-19,,89
適,⻌,啇,9069,general,,,,,,,,
鉄,金,失,9244,general,91d1,1-22-66,167,4815,5931,1-28-26,,178
典,八,曲,5178,general,516b,1-40-12,12,577,66f2,1-22-42,,103
天,大,一,5929,tradit,5927,1-34-71,37,1171,4e00,1-16-76,1,1
展,,,5c55,,,,,,,,,
店,广,占,5e97,general,,,,,,,,
転,車,云,8ee2,general,8eca,1-28-54,159,4608,,,,
点,灬,占,70b9,tradit,,,,,,,,
伝,亻,云,4f1d,general,,,,,,,,
田,,,7530,,,,,,,,,
電,,,96fb,,,,,,,,,
徒,彳,走,5f92,general,,,,,8d70,1-33-86,156,4539
登,癶,豆,767b,general,,,,,8c46,1-38-06,151,4465
都,⻏,者,90fd,general,,,,,8005,1-28-52,,3685
努,力,奴,52aa,general,529b,1-46-47,19,715,,,,
度,,,5ea6,,,,,,,,,
土,,,571f,,,,,,,,,
党,尚,兄,515a,group,,,,,5144,1-23-27,,875
冬,冫,夂,51ac,tradit,,,,,,,,
刀,,,5200,,,,,,,,,
島,山,鳥,5cf6,tradit,5c71,1-27-19,46,1407,9ce5,1-36-27,196,5340
投,扌,殳,6295,general,,,,,,,,
東,木,日,6771,tradit,6728,1-44-58,75,2170,65e5,1-38-92,72,2097
湯,氵,昜,6e6f,general,,,,,,,,
灯,火,丁,706f,general,706b,1-18-48,86,2743,4e01,1-35-90,,2
当,⺌,⺕,5f53,general,,,,,,,,
等,竹,寺,7b49,general,7af9,1-35-61,118,3366,5bfa,1-27-91,,1054
答,竹,合,7b54,general,7af9,1-35-61,118,3366,5408,1-25-71,,383
糖,米,唐,7cd6,general,7c73,1-42-38,119,3461,,,,
統,糸,充,7d71,general,7cf8,1-27-69,120,3492,,,,
討,言,寸,8a0e,general,8a00,1-24-32,149,4309,5bf8,1-32-03,41,1348
豆,,,8c46,,,,,,,,,
頭,頁,豆,982d,tradit,,,,,8c46,1-38-06,151,4465
働,亻,動,50cd,general,,,,,52d5,1-38-16,,730
動,力,重,52d5,general,529b,1-46-47,19,715,91cd,1-29-37,,224
同,冂,一,540c,nelson,,,,,4e00,1-16-76,1,1
堂,土,尚,5802,tradit,571f,1-37-58,32,1050,,,,
導,寸,道,5c0e,general,5bf8,1-32-03,41,1348,9053,1-38-27,,4724
童,立,里,7ae5,general,7acb,1-46-09,117,3343,91cc,1-46-04,166,4813
道,⻌,首,9053,general,,,,,9996,1-28-83,185,5186
銅,金,同,9285,general,91d1,1-22-66,167,4815,540c,1-38-17,,619
得,彳,㝵,5f97,general,,,,,,,,
徳,,,5fb3,,,,,,,,,
特,牛,寺,7279,general,725b,1-21-77,93,2852,5bfa,1-27-91,,1054
毒,毋,龶,6bd2,general,,,,,,,,
独,⺨,虫,72ec,general,,,,,866b,1-35-78,142,4115
読,言,売,8aad,general,8a00,1-24-32,149,4309,58f2,1-39-68,,1067
栃,,,6803,,,,,,,,,
届,尸,由,5c4a,general,,,,,7531,1-45-19,,89
奈,大,示,5948,general,5927,1-34-71,37,1171,793a,1-28-08,113,3228
内,冂,人,5185,tradit,,,,,4eba,1-31-45,9,339
縄,糸,电,7e04,general,7cf8,1-27-69,120,3492,,,,
南,,,5357,,,,,,,,,
難,,,96e3,,,,,,,,,
二,,,4e8c,,,,,,,,,
肉,,,8089,,,,,,,,,
日,,,65e5,,,,,,,,,
乳,乙,孚,4e73,general,,,,,,,,
入,,,5165,,,,,,,,,
任,亻,壬,4efb,general,,,,,,,,
認,言,忍,8a8d,general,8a00,1-24-32,149,4309,,,,
熱,灬,埶,71b1,general,,,,,,,,
年,干,丿,5e74,tradit,5e72,1-20-19,51,1492,,,,
念,心,今,5ff5,tradit,5fc3,1-31-20,61,1645,4eca,1-26-03,,352
燃,火,然,71c3,general,706b,1-18-48,86,2743,7136,1-33-19,,2770
納,糸,内,7d0d,general,7cf8,1-27-69,120,3492,5185,1-38-66,,82
能,,,80fd,,,,,,,,,
脳,,,8133,,,,,,,,,
農,辰,曲,8fb2,general,,,,,66f2,1-22-42,,103
波,氵,皮,6ce2,general,,,,,76ae,1-40-73,107,3109
派,氵,𠂢,6d3e,general,,,,,,,,
破,石,皮,7834,general,77f3,1-32-48,112,3176,76ae,1-40-73,107,3109
馬,,,99ac,,,,,,,,,
俳,亻,非,4ff3,general,,,,,975e,1-40-83,175,5080
拝,,,62dd,,,,,,,,,
敗,攵,貝,6557,tradit,,,,,8c9d,1-19-13,154,4486
背,月,北,80cc,general,6708,1-23-78,74,2169,5317,1-43-44,,751
肺,月,市,80ba,general,6708,1-23-78,74,2169,5e02,1-27-52,,284
配,酉,己,914d,general,,,,,5df1,1-24-42,49,1462
倍,亻,咅,500d,general,,,,,,,,
梅,木,毎,6885,general,6728,1-44-58,75,2170,6bce,1-43-72,,2467
買,貝,罒,8cb7,tradit,8c9d,1-19-13,154,4486,,,,
売,,,58f2,,,,,,,,,
博,十,尃,535a,general,5341,1-29-29,24,768,,,,
白,,,767d,,,,,,,,,
麦,龶,夂,9ea6,group,,,,,,,,
箱,竹,相,7bb1,general,7af9,1-35-61,118,3366,76f8,1-33-74,,2241
畑,田,火,7551,tradit,7530,1-37-36,102,2994,706b,1-18-48,86,2743
八,,,516b,,,,,,,,,
発,,,767a,,,,,,,,,
判,刂,半,5224,general,,,,,534a,1-40-30,,132
半,丶,二,534a,nelson,,,,,4e8c,1-38-83,7,273
反,又,厂,53cd,tradit,,,,,,,,
板,木,反,677f,general,6728,1-44-58,75,2170,53cd,1-40-31,,817
版,片,反,7248,general,7247,1-42-50,91,2842,53cd,1-40-31,,817
犯,⺨,㔾,72af,general,,,,,,,,
班,,,73ed,,,,,,,,,
飯,飠,反,98ef,general,,,,,53cd,1-40-31,,817
晩,日,免,6669,general,65e5,1-38-92,72,2097,,,,
番,田,釆,756a,tradit,7530,1-37-36,102,2994,,,,
否,口,不,5426,tradit,53e3,1-24-93,30,868,4e0d,1-41-52,,17
悲,心,非,60b2,tradit,5fc3,1-31-20,61,1645,975e,1-40-83,175,5080
批,扌,比,6279,general,,,,,6bd4,1-40-70,81,2470
比,,,6bd4,,,,,,,,,
皮,,,76ae,,,,,,,,,
秘,禾,必,79d8,general,,,,,5fc5,1-41-12,,129
肥,月,巴,80a5,general,6708,1-23-78,74,2169,,,,
費,貝,弗,8cbb,general,8c9d,1-19-13,154,4486,,,,
非,,,975e,,,,,,,,,
飛,,,98db,,,,,,,,,
備,,,5099,,,,,,,,,
美,⺷,大,7f8e,general,,,,,5927,1-34-71,37,1171
鼻,自,畀,9f3b,group,81ea,1-28-11,132,3841,,,,
必,心,丿,5fc5,tradit,5fc3,1-31-20,61,1645,,,,
筆,竹,聿,7b46,general,7af9,1-35-61,118,3366,,,,
媛,女,爰,5a9b,general,5973,1-29-87,38,1185,,,,
百,白,一,767e,tradit,767d,1-39-82,106,3095,4e00,1-16-76,1,1
俵,亻,表,4ff5,general,,,,,8868,1-41-29,,108
標,木,票,6a19,general,6728,1-44-58,75,2170,7968,1-41-28,,4276
氷,水,丶,6c37,tradit,6c34,1-31-69,85,2482,,,,
票,示,覀,7968,tradit,793a,1-28-08,113,3228,,,,
表,,,8868,,,,,,,,,
評,言,平,8a55,general,8a00,1-24-32,149,4309,5e73,1-42-31,,26
病,疒,丙,75c5,general,,,,,,,,
秒,禾,少,79d2,general,,,,,5c11,1-30-15,,166
品,,,54c1,,,,,,,,,
貧,貝,分,8ca7,tradit,8c9d,1-19-13,154,4486,5206,1-42-12,,578
不,一,丿,4e0d,general,4e00,1-16-76,1,1,,,,
付,亻,寸,4ed8,general,,,,,5bf8,1-32-03,41,1348
夫,,,592b,,,,,,,,,
婦,女,帚,5a66,general,5973,1-29-87,38,1185,,,,
富,宀,畐,5bcc,general,,,,,,,,
布,,,5e03,,,,,,,,,
府,广,付,5e9c,general,,,,,4ed8,1-41-53,,363
父,,,7236,,,,,,,,,
負,貝,𠂊,8ca0,general,8c9d,1-19-13,154,4486,,,,
阜,𠂤,十,961c,group,,,,,5341,1-29-29,24,768
武,止,CDP-8CB8,6b66,tradit,6b62,1-27-63,77,2429,,,,
部,⻏,咅,90e8,general,,,,,,,,
風,,,98a8,,,,,,,,,
副,刂,畐,526f,general,,,,,,,,
復,彳,复,5fa9,general,,,,,,,,
服,,,670d,,,,,,,,,
福,礻,畐,798f,general,,,,,,,,
腹,月,复,8179,general,6708,1-23-78,74,2169,,,,
複,衤,复,8907,general,,,,,,,,
仏,亻,厶,4ecf,general,,,,,,,,
物,牛,勿,7269,general,725b,1-21-77,93,2852,,,,
分,刀,八,5206,tradit,5200,1-37-65,18,665,516b,1-40-12,12,577
奮,奞,田,596e,group,,,,,7530,1-37-36,102,2994
粉,米,分,7c89,general,7c73,1-42-38,119,3461,5206,1-42-12,,578
文,亠,乂,6587,group,,,,,,,,
聞,耳,門,805e,tradit,8033,1-28-10,128,3697,9580,1-44-71,169,4940
兵,八,丘,5175,tradit,516b,1-40-12,12,577,,,,
平,干,干,5e73,tradit,5e72,1-20-19,51,1492,5e72,1-20-19,51,1492
並,,,4e26,,,,,,,,,
閉,門,才,9589,general,9580,1-44-71,169,4940,624d,1-26-45,,270
陛,,,965b,,,,,,,,,
米,,,7c73,,,,,,,,,
別,,,5225,,,,,,,,,
変,夂,亦,5909,tradit,,,,,,,,
片,,,7247,,,,,,,,,
編,糸,扁,7de8,general,7cf8,1-27-69,120,3492,,,,
辺,⻌,刀,8fba,general,,,,,5200,1-37-65,18,665
返,⻌,反,8fd4,general,,,,,53cd,1-40-31,,817
便,亻,更,4fbf,general,,,,,,,,
勉,力,免,52c9,tradit,529b,1-46-47,19,715,,,,
弁,廾,厶,5f01,tradit,,,,,,,,
保,亻,呆,4fdd,general,,,,,,,,
歩,止,少,6b69,general,6b62,1-27-63,77,2429,5c11,1-30-15,,166
補,衤,甫,88dc,general,,,,,,,,
墓,土,莫,5893,tradit,571f,1-37-58,32,1050,,,,
暮,日,莫,66ae,tradit,65e5,1-38-92,72,2097,,,,
母,毋,毋,6bcd,general,,,,,,,,
包,勹,己,5305,tradit,,,,,5df1,1-24-42,49,1462
報,,,5831,,,,,,,,,
宝,宀,玉,5b9d,general,,,,,7389,1-22-44,96,2923
放,攵,方,653e,tradit,,,,,65b9,1-42-93,70,2082
方,,,65b9,,,,,,,,,
法,氵,去,6cd5,general,,,,,53bb,1-21-78,,1051
訪,言,方,8a2a,general,8a00,1-24-32,149,4309,65b9,1-42-93,70,2082
豊,豆,曲,8c4a,general,8c46,1-38-06,151,4465,66f2,1-22-42,,103
亡,亠,匸,4ea1,general,,,,,,,,
忘,心,亡,5fd8,tradit,5fc3,1-31-20,61,1645,4ea1,1-43-20,,281
暴,日,㳟,66b4,general,65e5,1-38-92,72,2097,,,,
望,,,671b,,,,,,,,,
棒,木,奉,68d2,general,6728,1-44-58,75,2170,,,,
貿,貝,卯,8cbf,general,8c9d,1-19-13,154,4486,,,,
防,⻖,方,9632,general,,,,,65b9,1-42-93,70,2082
北,,,5317,,,,,,,,,
牧,牛,攵,7267,general,725b,1-21-77,93,2852,,,,
本,,,672c,,,,,,,,,
妹,女,未,59b9,general,5973,1-29-87,38,1185,672a,1-44-04,,179
枚,木,攵,679a,general,6728,1-44-58,75,2170,,,,
毎,毋,𠂉,6bce,general,,,,,,,,
幕,巾,莫,5e55,tradit,,,,,,,,
末,,,672b,,,,,,,,,
万,,,4e07,,,,,,,,,
満,,,6e80,,,,,,,,,
味,口,未,5473,general,53e3,1-24-93,30,868,672a,1-44-04,,179
未,,,672a,,,,,,,,,
密,宓,山,5bc6,group,,,,,5c71,1-27-19,46,1407
脈,月,𠂢,8108,general,6708,1-23-78,74,2169,,,,
民,,,6c11,,,,,,,,,
務,,,52d9,,,,,,,,,
夢,,,5922,,,,,,,,,
無,,,7121,,,,,,,,,
名,口,夕,540d,tradit,53e3,1-24-93,30,868,5915,1-45-28,36,1167
命,,,547d,,,,,,,,,
明,日,月,660e,general,65e5,1-38-92,72,2097,6708,1-23-78,74,2169
盟,皿,明,76df,general,76bf,1-27-14,108,3113,660e,1-44-32,,2110
迷,⻌,米,8ff7,general,,,,,7c73,1-42-38,119,3461
鳴,鳥,口,9cf4,tradit,9ce5,1-36-27,196,5340,53e3,1-24-93,30,868
綿,糸,帛,7dbf,general,7cf8,1-27-69,120,3492,,,,
面,,,9762,,,,,,,,,
模,木,莫,6a21,general,6728,1-44-58,75,2170,,,,
毛,,,6bdb,,,,,,,,,
木,,,6728,,,,,,,,,
目,,,76ee,,,,,,,,,
問,口,門,554f,tradit,53e3,1-24-93,30,868,9580,1-44-71,169,4940
門,,,9580,,,,,,,,,
夜,,,591c,,,,,,,,,
野,里,予,91ce,general,91cc,1-46-04,166,4813,4e88,1-45-29,,271
矢,,,77e2,,,,,,,,,
役,彳,殳,5f79,general,,,,,,,,
約,糸,勺,7d04,general,7cf8,1-27-69,120,3492,,,,
薬,艹,楽,85ac,general,,,,,697d,1-19-58,,2324
訳,言,尺,8a33,general,8a00,1-24-32,149,4309,5c3a,1-28-60,,1377
油,氵,由,6cb9,general,,,,,7531,1-45-19,,89
輸,車,兪,8f38,general,8eca,1-28-54,159,4608,,,,
優,亻,憂,512a,general,,,,,,,,
勇,マ,男,52c7,group,,,,,7537,1-35-43,,2996
友,又,𠂇,53cb,general,,,,,,,,
有,,,6709,,,,,,,,,
由,日,丨,7531,tradit,65e5,1-38-92,72,2097,,,,
遊,⻌,斿,904a,general,,,,,,,,
郵,⻏,垂,90f5,general,,,,,5782,1-31-66,,211
夕,,,5915,,,,,,,,,
予,マ,了,4e88,group,,,,,,,,
余,,,4f59,,,,,,,,,
預,頁,予,9810,general,,,,,4e88,1-45-29,,271
幼,幺,力,5e7c,general,,,,,529b,1-46-47,19,715
容,宀,谷,5bb9,general,,,,,8c37,1-35-11,150,4458
曜,日,翟,66dc,general,65e5,1-38-92,72,2097,,,,
様,,,69d8,,,,,,,,,
洋,氵,羊,6d0b,general,,,,,7f8a,1-45-51,123,3656
用,,,7528,,,,,,,,,
羊,,,7f8a,,,,,,,,,
葉,艹,枼,8449,general,,,,,,,,
要,覀,女,8981,general,,,,,5973,1-29-87,38,1185
陽,⻖,昜,967d,general,,,,,,,,
養,食,羊,990a,tradit,98df,1-31-09,184,5154,7f8a,1-45-51,123,3656
欲,欠,谷,6b32,tradit,6b20,1-23-71,76,2412,8c37,1-35-11,150,4458
浴,氵,谷,6d74,general,,,,,8c37,1-35-11,150,4458
翌,羽,立,7fcc,general,7fbd,1-17-09,124,3673,7acb,1-46-09,117,3343
来,,,6765,,,,,,,,,
落,艹,洛,843d,general,,,,,,,,
乱,乙,舌,4e71,tradit,,,,,820c,1-32-69,135,3855
卵,卯,丶,5375,group,,,,,,,,
覧,,,89a7,,,,,,,,,
利,刂,禾,5229,tradit,,,,,,,,
梨,木,利,68a8,general,6728,1-44-58,75,2170,5229,1-45-88,,3264
理,王,里,7406,general,738b,1-18-06,,2922,91cc,1-46-04,166,4813
裏,,,88cf,,,,,,,,,
里,,,91cc,,,,,,,,,
陸,⻖,坴,9678,general,,,,,,,,
律,彳,聿,5f8b,general,,,,,,,,
率,玄,冫,7387,tradit,,,,,,,,
立,,,7acb,,,,,,,,,
略,田,各,7565,general,7530,1-37-36,102,2994,5404,1-19-38,,1163
流,氵,㐬,6d41,general,,,,,,,,
留,田,卯,7559,general,7530,1-37-36,102,2994,,,,
旅,,,65c5,,,,,,,,,
両,一,冂,4e21,general,4e00,1-16-76,1,1,,,,
料,斗,米,6599,tradit,,,,,7c73,1-42-38,119,3461
良,,,826f,,,,,,,,,
量,里,旦,91cf,tradit,91cc,1-46-04,166,4813,,,,
領,頁,令,9818,general,,,,,4ee4,1-46-65,,360
力,,,529b,,,,,,,,,
緑,糸,彔,7dd1,general,7cf8,1-27-69,120,3492,,,,
林,木,木,6797,general,6728,1-44-58,75,2170,6728,1-44-58,75,2170
臨,,,81e8,,,,,,,,,
輪,車,侖,8f2a,general,8eca,1-28-54,159,4608,,,,
類,,,985e,,,,,,,,,
令,,,4ee4,,,,,,,,,
例,亻,列,4f8b,general,,,,,5217,1-46-83,,2438
冷,冫,令,51b7,general,,,,,4ee4,1-46-65,,360
礼,礻,乙,793c,general,,,,,,,,
歴,,,6b74,,,,,,,,,
列,刂,歹,5217,tradit,,,,,,,,
練,糸,東,7df4,general,7cf8,1-27-69,120,3492,6771,1-37-76,,213
連,⻌,車,9023,general,,,,,8eca,1-28-54,159,4608
路,足,各,8def,general,8db3,1-34-13,157,4546,5404,1-19-38,,1163
労,,,52b4,,,,,,,,,
朗,月,良,6717,general,6708,1-23-78,74,2169,826f,1-46-41,,3885
老,耂,匕,8001,group,,,,,,,,
六,八,亠,516d,tradit,516b,1-40-12,12,577,,,,
録,金,彔,9332,general,91d1,1-22-66,167,4815,,,,
論,言,侖,8ad6,general,8a00,1-24-32,149,4309,,,,
和,口,禾,548c,tradit,53e3,1-24-93,30,868,,,,
話,言,舌,8a71,general,8a00,1-24-32,149,4309,820c,1-32-69,135,3855
